Workbook

Sheet Overview
A1: Meso 03 — Right-Side Strength Block
A2: 8 weeks · Oct 19 – Dec 13, 2026 · drafted for review before the Claude Code handoff
A4: Block start (Mon) | B4: 46314 | C4: Blue = input. Change the start date and every date in the workbook follows.
A5: Block end (Sun) | B5: =B4+8*7-1 -> 46369
A7: Phases
A8: Phase | B8: Weeks | C8: Main lift | D8: Accessories | E8: Purpose
A9: Baseline | B9: 1–2 | C9: 4×6 @ RPE 6–7 | D9: 3×8–10 | E9: Find honest right-side starting loads; left matches right
A10: Volume | B10: 3–5 | C10: 5×6–8 @ RPE 7–8 | D10: 3×10–12 | E10: Build muscle; the longest phase
A11: Performance | B11: 6–7 | C11: 4×4–5 @ RPE 8 | D11: 3×8, heavier | E11: Express strength
A12: Deload + retest | B12: 8 | C12: 3×5 @ RPE 6 | D12: 2×8 | E12: Recover, then repeat Baseline L/R tests and compare
A14: Weekly schedule
A15: Day | B15: Session | C15: Main lift | D15: Scoring | E15: Notes
A16: Mon | B16: Hinge Lead | C16: Rack Pull | D16: Strength curve + medal | E16: Main + 3 accessories + right-side check
A17: Tue | B17: Zone 2 | C17: — | D17: Z2 compliance | E17: 25–35 min cap; light hands on bike bars
A18: Wed | B18: Squat + Push | C18: Safety Bar Squat | D18: Strength curve + medal | E18: Squat moved here from Monday
A19: Thu | B19: Zone 2 | C19: — | D19: Z2 compliance | E19: 25–35 min cap; lap swim OK
A20: Fri | B20: Pull + Hinge | C20: Romanian Deadlift | D20: Strength curve + medal | E20: Main + 3 accessories + right-side check
A21: Sat | B21: Full Range (self-directed) | C21: — | D21: Strength curve + medal (NEW) | E21: Replaces classes; effort cap 7/10; tempo progression
A22: Sun | B22: CS4 Active Recovery | C22: — | D22: Done ✓ | E22: Unchanged
A24: Rules for the block
A25: • | B25: Warm-up ramps: 1–2 ramp sets, not logged; then all working sets at one weight. Logged sets are working sets (keeps sessions ~50 min).
A26: • | B26: Single-arm lifts: right side first and sets the load; left matches reps.
A27: • | B27: Elbow: chest press stops at 90° flexion; triceps pushdown only (no overhead); nothing that holds a deep elbow bend.
A28: • | B28: No back squat, goblet squat, rower/SkiErg intervals, or overhead pressing this block (overhead pending surgeon clearance).
A29: • | B29: Right-side check (carries, pinch holds) trains the ulnar-driven hand muscles — log both sides every time.
A30: • | B30: Pain-gating: stop a set if tingling increases or lingers; note it in the session log.
A31: • | B31: Week 8 retest (Mon/Wed/Fri): repeat Baseline loads for carries, pinch hold and single-arm lifts; log both sides in the Right-Side Tracker.
A33: Open decisions
A34: Item | B34: Current assumption | E34: Status
A35: Bulgarian split squat loading | B35: DB in each hand (was left-hand only) | E35: Decided
A36: Saturday scoring | B36: Strength curve with medal; curve penalizes Z4/Z5, which suits the 7/10 cap | E36: Decided — scored
A37: Left/right logging in app | B37: Log right-side load; note left only if different | E37: Separate Code ask later
A38: HEP in app | B38: Rebuild as ~12–15 min Gym block + Float items | E38: Separate Code ask later
A39: Overhead pressing | B39: Excluded | E39: Ask at surgical consult

Sheet Calendar
A1: 8-Week Calendar
A2: Dates calculate from the block start on the Overview tab
A4: Week | B4: Phase | C4: Week of | D4: Mon | E4: Tue | F4: Wed | G4: Thu | H4: Fri | I4: Sat | J4: Sun
A5: 1 | B5: Baseline | C5: =Overview!$B$4+7*(A5-1) -> 46314 | D5: Hinge Lead · Rack Pull | E5: Zone 2 | F5: Squat + Push · SB Squat | G5: Zone 2 | H5: Pull + Hinge · RDL | I5: Full Range | J5: CS4 Recovery
A6: 2 | B6: Baseline | C6: =Overview!$B$4+7*(A6-1) -> 46321 | D6: Hinge Lead · Rack Pull | E6: Zone 2 | F6: Squat + Push · SB Squat | G6: Zone 2 | H6: Pull + Hinge · RDL | I6: Full Range | J6: CS4 Recovery
A7: 3 | B7: Volume | C7: =Overview!$B$4+7*(A7-1) -> 46328 | D7: Hinge Lead · Rack Pull | E7: Zone 2 | F7: Squat + Push · SB Squat | G7: Zone 2 | H7: Pull + Hinge · RDL | I7: Full Range | J7: CS4 Recovery
A8: 4 | B8: Volume | C8: =Overview!$B$4+7*(A8-1) -> 46335 | D8: Hinge Lead · Rack Pull | E8: Zone 2 | F8: Squat + Push · SB Squat | G8: Zone 2 | H8: Pull + Hinge · RDL | I8: Full Range | J8: CS4 Recovery
A9: 5 | B9: Volume | C9: =Overview!$B$4+7*(A9-1) -> 46342 | D9: Hinge Lead · Rack Pull | E9: Zone 2 | F9: Squat + Push · SB Squat | G9: Zone 2 | H9: Pull + Hinge · RDL | I9: Full Range | J9: CS4 Recovery
A10: 6 | B10: Performance | C10: =Overview!$B$4+7*(A10-1) -> 46349 | D10: Hinge Lead · Rack Pull | E10: Zone 2 | F10: Squat + Push · SB Squat | G10: Zone 2 | H10: Pull + Hinge · RDL | I10: Full Range | J10: CS4 Recovery
A11: 7 | B11: Performance | C11: =Overview!$B$4+7*(A11-1) -> 46356 | D11: Hinge Lead · Rack Pull | E11: Zone 2 | F11: Squat + Push · SB Squat | G11: Zone 2 | H11: Pull + Hinge · RDL | I11: Full Range | J11: CS4 Recovery
A12: 8 | B12: Deload + retest | C12: =Overview!$B$4+7*(A12-1) -> 46363 | D12: Hinge Lead · Rack Pull + L/R retest | E12: Zone 2 | F12: Squat + Push · SB Squat + L/R retest | G12: Zone 2 | H12: Pull + Hinge · RDL + L/R retest | I12: Full Range | J12: CS4 Recovery

Sheet Sessions
A1: Session Templates by Phase
A2: Sets × reps for each phase · Baseline wk 1–2 · Volume wk 3–5 · Performance wk 6–7 · Deload wk 8
A4: Day | B4: Order | C4: Slot | D4: Exercise | E4: Baseline (wk 1–2) | F4: Volume (wk 3–5) | G4: Performance (wk 6–7) | H4: Deload (wk 8) | I4: Cue | J4: App status
A5: Mon | B5: 1 | C5: Activation | D5: Band Pull-Aparts | E5: 2×15 | F5: 2×15 | G5: 2×15 | H5: 2×15 | I5: Light, first in session | J5: Existing key
A6: Mon | B6: 2 | C6: Main | D6: Rack Pull | E6: 4×6 @ RPE 6–7 · Start ~185 lb | F6: 5×6–8 @ RPE 7–8 | G6: 4×4–5 @ RPE 8 | H6: 3×5 @ RPE 6 | I6: 1–2 ramp sets, not logged; then all working sets at one weight; double overhand | J6: Existing key
A7: Mon | B7: 3 | C7: Accessory 1 | D7: Bulgarian Split Squat | E7: 3×8–10/leg · Start ~25 lb each hand | F7: 3×10–12/leg | G7: 3×8/leg, heavier | H7: 2×8/leg | I7: DB in each hand, arms straight | J7: Existing key
A8: Mon | B8: 4 | C8: Accessory 2 | D8: Hip Thrust | E8: 3×8–10 · Start light — find it | F8: 3×10–12 | G8: 3×8, heavier | H8: 2×8 | I8: Full hip extension, pause at top | J8: Check key
A9: Mon | B9: 5 | C9: Accessory 3 | D9: Pallof Press | E9: 3×8–10/side | F9: 3×10–12/side | G9: 3×8/side, heavier | H9: 2×8/side | I9: Neutral grip, static hold | J9: Existing key
A10: Mon | B10: 6 | C10: Right-side check | D10: Suitcase Carry | E10: 2×40 yd/side · Start ~45 lb/side | F10: 2×40 yd/side | G10: 2×40 yd/side | H10: 1×40 yd/side · retest | I10: Right first; log load per side | J10: Existing key
A11: Tue | B11: 1 | C11: Cardio | D11: Zone 2 | E11: 25–35 min | F11: 25–35 min | G11: 25–35 min | H11: 25–35 min | I11: ≤5 min Z3, no Z4/Z5; lap swim OK on either day | J11: Unchanged
A12: Wed | B12: 1 | C12: Activation | D12: Scapular Wall Slide | E12: 2×10 | F12: 2×10 | G12: 2×10 | H12: 2×10 | I12: Slow, elbows on wall | J12: Existing key
A13: Wed | B13: 2 | C13: Main | D13: Safety Bar Squat | E13: 4×6 @ RPE 6–7 · Start ~135–145 lb | F13: 5×6–8 @ RPE 7–8 | G13: 4×4–5 @ RPE 8 | H13: 3×5 @ RPE 6 | I13: Hands on handles; no barbell grip; 1–2 ramp sets, not logged; then all working sets at one weight | J13: Check key
A14: Wed | B14: 3 | C14: Accessory 1 | D14: Chest Press | E14: 3×8–10/side · Start ~40–45 lb | F14: 3×10–12/side | G14: 3×8/side, heavier | H14: 2×8/side | I14: Single-arm floor press; floor sets the 90° stop; right first | J14: Existing key
A15: Wed | B15: 4 | C15: Accessory 2 | D15: Rope Triceps Pressdown | E15: 3×8–10/side · Start ~12.5–15 lb | F15: 3×10–12/side | G15: 3×8/side, heavier | H15: 2×8/side | I15: Single-arm; pushdown only; right first | J15: Existing key
A16: Wed | B16: 5 | C16: Accessory 3 | D16: Cable Pullover | E16: 3×8–10 · Start ~12.5–15 lb | F16: 3×10–12 | G16: 3×8, heavier | H16: 2×8 | I16: Arms nearly straight; lats without elbow bend | J16: Existing key
... A31: Sat | B31: 7 | C31: Cooldown | D31: Cardio Ramp | E31: 8–10 min Z2 | F31: 8–10 min Z2 | G31: 8–10 min Z2 | H31: 8–10 min Z2 | I31: Bike or incline walk | J31: Untracked (OK)
A32: Sun | B32: 1 | C32: Recovery | D32: CS4 Active Recovery | E32: As written | F32: As written | G32: As written | H32: As written | J32: Unchanged
A34: Loading (shown in the app on every Meso 03 lift day)
A35: Main lifts: all sets at RPE 7 or easier → add 5 lb next week (Rack Pull 10 lb). 1–2 ramp sets, not logged; then all working sets at one weight.
A36: Accessories: stay at one weight until every set hits the top of the rep range, then go up.
A37: Single-arm: right side sets the load; left matches.
A38: Baseline (wk 1–2) starting weights are the "Start" values in column E. First working set RPE 8+ → drop 10%. RPE 5 → add 5–10 lb. Saturday (cap 7/10): first working set above 7/10 → drop 10%. From week 3, the app's Last time line takes over.

Sheet HEP
A1: Home Exercise Program (rebuilt for cubital tunnel)
A2: Gym block ~12–15 min before training · Float items through the day
A4: Block | B4: Exercise | C4: Dose | D4: How | E4: Notes
A5: Gym | B5: Scapular Wall Slides | C5: 2×10 | D5: Slow, elbows stay on the wall | E5: Kept
A6: Gym | B6: Pillowcase Wall Isometric | C6: 5 × 5 s holds | D6: As OT taught | E6: Kept
A7: Gym | B7: Levator Stretch | C7: 2×30 s/side | D7: Keep the stretching arm straight; supine preferred per OT | E7: Kept
A8: Gym | B8: Finger Spreads | C8: 2×15 each hand | D8: Rubber band around fingers, or spread against the other hand | E8: New — ulnar hand muscles
A9: Gym | B9: Plate Pinch Hold | C9: 2×20–30 s/side | D9: 5 lb Iron Grip plate; thumb flat one face, fingers flat other; off the floor, arm straight; right first | E9: New — same setup every time
A10: Gym | B10: Ulnar Nerve Slider | C10: 2×8/arm, both arms | D10: Arm out, palm up: bend elbow + tilt head toward arm, straighten elbow + tilt head away. Smooth, never a stretch | E10: New — moved from Float
A11: Gym | B11: Radial Nerve Glide (Dr. Zak) | C11: 2×8/arm | D11: Thumb tucked into fist, elbow straight, push hand back and away from body, tilt head to the opposite side | E11: New — from chiro 10/7
A12: Float | B12: Night elbow position | C12: Nightly, both arms | D12: Towel wrap or soft splint so elbows don't stay deeply bent during sleep | E12: Reuses night splint log
A13: Float | B13: Daytime habits | C13: All day | D13: Don't lean on elbows; switch hands on long phone holds; light hands on bike bars | E13: Note only
A14: Stop signal | B14: — | C14: — | D14: Tingling that increases during a glide or lingers afterward → stop glides for that day
A16: Library · reference (not scheduled, not logged)
A17: Library | B17: Prone chest stretch on chair | C17: 3×/day · no aggravation
A18: Library | B18: Standing wall ball circles | C18: 1–3×/day · 1 min hold
A19: Library | B19: Elbow distraction self mobilization — retire pending | C19: 3×10 oscillations or 10 s holds
A20: Library | B20: Wrist AROM: radial–ulnar deviation — retire pending | C20: 3×10
A21: Library | B21: Full plank w/ scapular protraction–retraction | C21: 5 reps · 10–15 s hold
A22: Library | B22: Isometric internal rotation | C22: 5 reps · 10–15 s hold
A23: Library | B23: Standing subscapularis lift-off | C23: 3–5 reps
A24: Library | B24: Seated wrist flexion stretch | C24: 10–30 s hold
A25: Library | B25: Vibration desensitization (electric toothbrush) | C25: Along radial distribution
A26: Library | B26: Wall push-ups (dormant) | C26: Goal met 8/12
A27: Library | B27: Standing bicep stretch at wall (dormant) | C27: Deprioritized per 8/11 OT
A28: Library | B28: AROM/PROM elbow flex–ext + pronation–supination — retire pending | C28: 5 reps per bout
... A35: Library | B35: Diagonal / fascial line stretch | C35: Daily · plantar fasciitis

Sheet Right-Side Tracker
A1: Right-Side Tracker
A2: Yellow cells are yours to fill in. R/L % calculates; under ~90% means the right side is lagging.
A3: Grey row is an example of the format only.
A5: Week | B5: Date | C5: Measure | D5: Right | E5: Left | F5: R/L % | G5: Notes
A6: Ex. | B6: Oct 8 | C6: Plate Pinch Hold (sec, 5 lb) | D6: 25 | E6: 30 | F6: =IF(OR(D6="",E6="",E6=0),"",D6/E6) -> 0.83333333 | G6: Example — right slipped first
A7: 1 | B7: =Overview!$B$4+7*(A7-1) -> 46314 | C7: Plate Pinch Hold (sec) | F7: =IF(OR(D7="",E7="",E7=0),"",D7/E7)
A8: 1 | B8: =Overview!$B$4+7*(A8-1) -> 46314 | C8: Suitcase Carry (lb) | F8: =IF(OR(D8="",E8="",E8=0),"",D8/E8)
A9: 1 | B9: =Overview!$B$4+7*(A9-1) -> 46314 | C9: SA Chest Press (lb) | F9: =IF(OR(D9="",E9="",E9=0),"",D9/E9)
A10: 1 | B10: =Overview!$B$4+7*(A10-1) -> 46314 | C10: SA Neutral-Grip Row (lb) | F10: =IF(OR(D10="",E10="",E10=0),"",D10/E10)
A11: 1 | B11: =Overview!$B$4+7*(A11-1) -> 46314 | C11: SA Triceps Pressdown (lb) | F11: =IF(OR(D11="",E11="",E11=0),"",D11/E11)
A12: 2 | B12: =Overview!$B$4+7*(A12-1) -> 46321 | C12: Plate Pinch Hold (sec) | F12: =IF(OR(D12="",E12="",E12=0),"",D12/E12)
A13: 2 | B13: =Overview!$B$4+7*(A13-1) -> 46321 | C13: Suitcase Carry (lb) | F13: =IF(OR(D13="",E13="",E13=0),"",D13/E13)
A14: 2 | B14: =Overview!$B$4+7*(A14-1) -> 46321 | C14: SA Chest Press (lb) | F14: =IF(OR(D14="",E14="",E14=0),"",D14/E14)
A15: 2 | B15: =Overview!$B$4+7*(A15-1) -> 46321 | C15: SA Neutral-Grip Row (lb) | F15: =IF(OR(D15="",E15="",E15=0),"",D15/E15)
A16: 2 | B16: =Overview!$B$4+7*(A16-1) -> 46321 | C16: SA Triceps Pressdown (lb) | F16: =IF(OR(D16="",E16="",E16=0),"",D16/E16)
A17: 3 | B17: =Overview!$B$4+7*(A17-1) -> 46328 | C17: Plate Pinch Hold (sec) | F17: =IF(OR(D17="",E17="",E17=0),"",D17/E17)
A18: 3 | B18: =Overview!$B$4+7*(A18-1) -> 46328 | C18: Suitcase Carry (lb) | F18: =IF(OR(D18="",E18="",E18=0),"",D18/E18)
... A46: 8 | B46: =Overview!$B$4+7*(A46-1) -> 46363 | C46: SA Triceps Pressdown (lb) | F46: =IF(OR(D46="",E46="",E46=0),"",D46/E46)
A48: Also: photo of both hands (palm down, web space visible) at weeks 1, 4 and 8.

Sheet Code Handoff
A1: Claude Code Handoff (paste as-is)
A2: Two separate asks · send #1, ship it, then send #2
A4: Ask #1 — Meso 03 (send first)
A6: Don't edit anything yet. Show me the diff first; commit and push as separate steps.
A8: Add Meso 03 to index.html, following the "Adding a Meso 03" recipe in CLAUDE.md
A9: (BLOCKS row, MESO03_* window + phases, day templates, BLOCK_LIFTS, BLOCK_OG,
A10: <optgroup id="ogMeso03">). Also add RKD_Mesocycle_03.md to match the 01/02 docs.
A12: WINDOW: Mon 2026-10-19 to Sun 2026-12-13 (8 weeks), id meso03, label "Meso 3".
A13: PHASES: add PHASE_PLAN.meso03 = Baseline, Baseline, Volume, Volume, Volume,
A14: Performance, Performance, Deload. "Deload" is a new phase name; make sure
A15: blockTag/blockText show it.
A17: Main lift rx: Baseline 4x6 @ RPE 6-7 | Volume 5x6-8 @ RPE 7-8 |
... A115: per CLAUDE.md so I can check the layout.
